FNDDS code,FNDDS description,Species,FL Score,Weighted_Risk_Total,Weighted_Risk_Total_NOFEED,Notes
26101110,"Anchovy, cooked, NS as to cooking method",Anchovy,"Pelagic, average (excluding tuna)",996,996,
26101180,"Anchovy, canned",Anchovy,"Pelagic, canned (excluding tuna)",1567,1567,
27150210,Fish sauce,Anchovy,"Pelagic, canned (excluding tuna)",1567,1567,Fish sauce is typically made with fermented anchovies
26105120,"Carp, baked or broiled, fat added in cooking",Carp,"Freshwater, average (excluding tilapia)",751,737,
26105140,"Carp, coated, fried",Carp,"Freshwater, average (excluding tilapia)",751,737,
26105160,"Carp, steamed or poached",Carp,"Freshwater, average (excluding tilapia)",751,737,
26107121,"Catfish, baked or broiled, made with butter",Catfish,"Demersal, average",1306,1306,
26107120,"Catfish, baked or broiled, made with oil",Catfish,"Demersal, average",1306,1306,
26107123,"Catfish, baked or broiled, made without fat",Catfish,"Demersal, average",1306,1306,
26107123,"Catfish, baked or broiled, no added fat",Catfish,"Demersal, average",1306,1306,
26107131,"Catfish, coated, baked or broiled, made with butter",Catfish,"Demersal, average",1306,1306,
26107130,"Catfish, coated, baked or broiled, made with oil",Catfish,"Demersal, average",1306,1306,
26107133,"Catfish, coated, baked or broiled, made without fat",Catfish,"Demersal, average",1306,1306,
26107144,"Catfish, coated, fried, made with cooking spray",Catfish,"Demersal, average",1306,1306,
26107140,"Catfish, coated, fried, made with oil",Catfish,"Demersal, average",1306,1306,
26107143,"Catfish, coated, fried, made without fat",Catfish,"Demersal, average",1306,1306,
26107143,"Catfish, coated, fried, no added fat",Catfish,"Demersal, average",1306,1306,
26107110,"Catfish, cooked, NS as to cooking method",Catfish,"Demersal, average",1306,1306,
26107160,"Catfish, steamed or poached",Catfish,"Demersal, average",1306,1306,
28350220,"Clam chowder, Manhattan",Clams,"Molluscs, average",2043,2012,
28350210,"Clam chowder, NS as to Manhattan or New England style",Clams,"Molluscs, average",2043,2012,
28355110,"Clam chowder, New England, NS as to prepared with water or milk",Clams,"Molluscs, average",2043,2012,
28355120,"Clam chowder, New England, prepared with milk",Clams,"Molluscs, average",2043,2012,
28355140,"Clam chowder, New England, reduced sodium, canned or ready-to-serve",Clams,"Molluscs, average",2043,2012,
26303120,"Clams, baked or broiled, fat added",Clams,"Molluscs, average",2043,2012,
26303120,"Clams, baked or broiled, fat added in cooking",Clams,"Molluscs, average",2043,2012,
26303121,"Clams, baked or broiled, fat not added in cooking",Clams,"Molluscs, average",2043,2012,
26303140,"Clams, coated, fried",Clams,"Molluscs, average",2043,2012,
26303110,"Clams, cooked, NS as to cooking method",Clams,"Molluscs, average",2043,2012,
26303100,"Clams, raw",Clams,"Molluscs, average",2043,2012,
26303160,"Clams, steamed or boiled",Clams,"Molluscs, average",2043,2012,
27351040,"Biscayne codfish, Puerto Rican style",Cod,"Demersal, average",1306,1306,
26109121,"Cod, baked or broiled, made with butter",Cod,"Demersal, average",1306,1306,
26109122,"Cod, baked or broiled, made with margarine",Cod,"Demersal, average",1306,1306,
26109120,"Cod, baked or broiled, made with oil",Cod,"Demersal, average",1306,1306,
26109123,"Cod, baked or broiled, no added fat",Cod,"Demersal, average",1306,1306,
26109134,"Cod, coated, baked or broiled, made with cooking spray",Cod,"Demersal, average",1306,1306,
26109130,"Cod, coated, baked or broiled, made with oil",Cod,"Demersal, average",1306,1306,
26109133,"Cod, coated, baked or broiled, made without fat",Cod,"Demersal, average",1306,1306,
26109133,"Cod, coated, baked or broiled, no added fat",Cod,"Demersal, average",1306,1306,
26109141,"Cod, coated, fried, made with butter",Cod,"Demersal, average",1306,1306,
26109144,"Cod, coated, fried, made with cooking spray",Cod,"Demersal, average",1306,1306,
26109140,"Cod, coated, fried, made with oil",Cod,"Demersal, average",1306,1306,
26109110,"Cod, cooked, NS as to cooking method",Cod,"Demersal, average",1306,1306,
26109160,"Cod, steamed or poached",Cod,"Demersal, average",1306,1306,
27250030,Codfish ball or cake,Cod,"Demersal, average",1306,1306,
27451070,"Codfish salad, Puerto Rican style, Serenata",Cod,"Demersal, average",1306,1306,
27450130,Crab salad made with imitation crab,Cod,"Demersal, average",1306,1306,Imitation crab is typically made with pollock or cod
27151070,"Stewed codfish, no potatoes, Puerto Rican style",Cod,"Demersal, average",1306,1306,
26109170,"Cod, dried, salted",Cod,"Demersal, cured",4618,4618,
26109180,"Cod, dried, salted, salt removed in water",Cod,"Demersal, cured",4618,4618,
27250040,Crab cake,Crab,"Crustaceans, average (excluding shrimps)",6158,5812,
27550110,Crab cake sandwich,Crab,"Crustaceans, average (excluding shrimps)",6158,5812,
27450010,Crab salad,Crab,"Crustaceans, average (excluding shrimps)",6158,5812,
28355210,"Crab soup, cream of, prepared with milk",Crab,"Crustaceans, average (excluding shrimps)",6158,5812,
28350120,"Crab soup, tomato-base",Crab,"Crustaceans, average (excluding shrimps)",6158,5812,
26305120,"Crab, baked or broiled, fat added",Crab,"Crustaceans, average (excluding shrimps)",6158,5812,
26305120,"Crab, baked or broiled, fat added in cooking",Crab,"Crustaceans, average (excluding shrimps)",6158,5812,
26305121,"Crab, baked or broiled, no added fat",Crab,"Crustaceans, average (excluding shrimps)",6158,5812,
26305130,"Crab, coated, baked or broiled, fat added in cooking",Crab,"Crustaceans, average (excluding shrimps)",6158,5812,
26305110,"Crab, cooked, NS as to cooking method",Crab,"Crustaceans, average (excluding shrimps)",6158,5812,
26305160,"Crab, hard shell, steamed",Crab,"Crustaceans, average (excluding shrimps)",6158,5812,
26307140,"Crab, soft shell, coated, fried",Crab,"Crustaceans, average (excluding shrimps)",6158,5812,
26309160,"Crayfish, boiled or steamed",Crayfish,"Crustaceans, average (excluding shrimps)",6158,5812,"The classification technically depends on the location of the seafood, however we decided to stay consistent with FAO and use their mapping when available"
26309140,"Crayfish, coated, fried",Crayfish,"Crustaceans, average (excluding shrimps)",6158,5812,"The classification technically depends on the location of the seafood, however we decided to stay consistent with FAO and use their mapping when available"
26111120,"Croaker, baked or broiled, fat added",Croaker,"Demersal, average",1306,1306,
26111120,"Croaker, baked or broiled, fat added in cooking",Croaker,"Demersal, average",1306,1306,
26111140,"Croaker, coated, fried",Croaker,"Demersal, average",1306,1306,
26111110,"Croaker, cooked, NS as to cooking method",Croaker,"Demersal, average",1306,1306,
26113110,"Eel, cooked, NS as to cooking method",Eel,"Freshwater, average (excluding tilapia)",751,737,
26115121,"Flounder, baked or broiled, made with butter",Flounder,"Demersal, average",1306,1306,
26115124,"Flounder, baked or broiled, made with cooking spray",Flounder,"Demersal, average",1306,1306,
26115120,"Flounder, baked or broiled, made with oil",Flounder,"Demersal, average",1306,1306,
26115123,"Flounder, baked or broiled, made without fat",Flounder,"Demersal, average",1306,1306,
26115123,"Flounder, baked or broiled, no added fat",Flounder,"Demersal, average",1306,1306,
26115130,"Flounder, coated, baked or broiled, made with oil",Flounder,"Demersal, average",1306,1306,
26115140,"Flounder, coated, fried, made with oil",Flounder,"Demersal, average",1306,1306,
26115160,"Flounder, steamed or poached",Flounder,"Demersal, average",1306,1306,
26203110,"Frog legs, NS as to cooking method",Frog,None,,,We decided frog legs did not count as seafood
26117120,"Haddock, baked or broiled, fat added",Haddock,"Demersal, average",1306,1306,
26117120,"Haddock, baked or broiled, fat added in cooking",Haddock,"Demersal, average",1306,1306,
26117121,"Haddock, baked or broiled, fat not added in cooking",Haddock,"Demersal, average",1306,1306,
26117121,"Haddock, baked or broiled, no added fat",Haddock,"Demersal, average",1306,1306,
26117130,"Haddock, coated, baked or broiled, fat added",Haddock,"Demersal, average",1306,1306,
26117130,"Haddock, coated, baked or broiled, fat added in cooking",Haddock,"Demersal, average",1306,1306,
26117131,"Haddock, coated, baked or broiled, fat not added in cooking",Haddock,"Demersal, average",1306,1306,
26117140,"Haddock, coated, fried",Haddock,"Demersal, average",1306,1306,
26117160,"Haddock, steamed or poached",Haddock,"Demersal, average",1306,1306,
26118020,"Halibut, baked or broiled, made with oil",Halibut,"Demersal, average",1306,1306,
26118030,"Halibut, coated, baked or broiled, made with oil",Halibut,"Demersal, average",1306,1306,
26118050,"Halibut, steamed or poached",Halibut,"Demersal, average",1306,1306,
26119120,"Herring, baked or broiled, fat added",Herring,"Pelagic, average (excluding tuna)",996,996,
26119120,"Herring, baked or broiled, fat added in cooking",Herring,"Pelagic, average (excluding tuna)",996,996,
26119121,"Herring, baked or broiled, fat not added in cooking",Herring,"Pelagic, average (excluding tuna)",996,996,
26119130,"Herring, coated, baked or broiled, fat added in cooking",Herring,"Pelagic, average (excluding tuna)",996,996,
26119140,"Herring, coated, fried",Herring,"Pelagic, average (excluding tuna)",996,996,
26119110,"Herring, cooked, NS as to cooking method",Herring,"Pelagic, average (excluding tuna)",996,996,
28355250,Lobster bisque,Lobster,"Crustaceans, average (excluding shrimps)",6158,5812,
28355260,Lobster gumbo,Lobster,"Crustaceans, average (excluding shrimps)",6158,5812,
27150060,Lobster newburg,Lobster,"Crustaceans, average (excluding shrimps)",6158,5812,
27450020,Lobster salad,Lobster,"Crustaceans, average (excluding shrimps)",6158,5812,
26311120,"Lobster, baked or broiled, fat added",Lobster,"Crustaceans, average (excluding shrimps)",6158,5812,
26311120,"Lobster, baked or broiled, fat added in cooking",Lobster,"Crustaceans, average (excluding shrimps)",6158,5812,
26311121,"Lobster, baked or broiled, no added fat",Lobster,"Crustaceans, average (excluding shrimps)",6158,5812,
26311140,"Lobster, coated, fried",Lobster,"Crustaceans, average (excluding shrimps)",6158,5812,
26311110,"Lobster, cooked, NS as to cooking method",Lobster,"Crustaceans, average (excluding shrimps)",6158,5812,
26311160,"Lobster, steamed or boiled",Lobster,"Crustaceans, average (excluding shrimps)",6158,5812,
26121120,"Mackerel, baked or broiled, fat added",Mackerel,"Pelagic, average (excluding tuna)",996,996,
26121120,"Mackerel, baked or broiled, fat added in cooking",Mackerel,"Pelagic, average (excluding tuna)",996,996,
26121121,"Mackerel, baked or broiled, fat not added in cooking",Mackerel,"Pelagic, average (excluding tuna)",996,996,
26121121,"Mackerel, baked or broiled, no added fat",Mackerel,"Pelagic, average (excluding tuna)",996,996,
26121140,"Mackerel, coated, fried",Mackerel,"Pelagic, average (excluding tuna)",996,996,
26121110,"Mackerel, cooked, NS as to cooking method",Mackerel,"Pelagic, average (excluding tuna)",996,996,
27250300,Mackerel cake or patty,Mackerel,"Pelagic, canned (excluding tuna)",1567,1567,
26121180,"Mackerel, canned",Mackerel,"Pelagic, canned (excluding tuna)",1567,1567,
26121160,"Mackerel, pickled",Mackerel,"Pelagic, cured (excluding tuna)",1089,1089,
26123120,"Mullet, baked or broiled, fat added in cooking",Mullet,"Pelagic, average (excluding tuna)",996,996,
26123121,"Mullet, baked or broiled, no added fat",Mullet,"Pelagic, average (excluding tuna)",996,996,
26123160,"Mullet, steamed or poached",Mullet,"Pelagic, average (excluding tuna)",996,996,
27350110,Bouillabaisse,Multiple,Mixed dish: Bouillabaisse,,,
27450660,"Shellfish mixture and vegetables excluding carrots, broccoli, and dark-green leafy; no potatoes, mushroom sauce",Multiple,Mixed dish: Shellfish mixture 1,4100.5,3912,
27450600,"Shellfish mixture and vegetables including carrots, broccoli, and/or dark-green leafy; no potatoes, soy-based sauce",Multiple,Mixed dish: Shellfish mixture 2,4100.5,3912,
27250410,Shrimp with crab stuffing,Multiple,Mixed dish: Shrimp with crab stuffing,5147,4472,
27150160,Shrimp with lobster sauce,Multiple,Mixed dish: Shrimp with lobster sauce,5147,4472,
27150330,Mussels with tomato-based sauce,Mussels,"Molluscs, average",2043,2012,
26313110,"Mussels, cooked, NS as to cooking method",Mussels,"Molluscs, average",2043,2012,
26313100,"Mussels, raw",Mussels,"Molluscs, average",2043,2012,
26313160,"Mussels, steamed or poached",Mussels,"Molluscs, average",2043,2012,
26125120,"Ocean perch, baked or broiled, fat added",Ocean perch,"Demersal, average",1306,1306,"The classification technically depends on the location of the seafood, however we decided to stay consistent with FAO and use their mapping when available"
26125120,"Ocean perch, baked or broiled, fat added in cooking",Ocean perch,"Demersal, average",1306,1306,"The classification technically depends on the location of the seafood, however we decided to stay consistent with FAO and use their mapping when available"
26125121,"Ocean perch, baked or broiled, fat not added in cooking",Ocean perch,"Demersal, average",1306,1306,"The classification technically depends on the location of the seafood, however we decided to stay consistent with FAO and use their mapping when available"
26125160,"Ocean perch, steamed or poached",Ocean perch,"Demersal, average",1306,1306,"The classification technically depends on the location of the seafood, however we decided to stay consistent with FAO and use their mapping when available"
26205110,"Octopus, cooked, NS as to cooking method",Octopus,"Cephalopods, average",5846,5846,
26205160,"Octopus, steamed",Octopus,"Cephalopods, average",5846,5846,
27450250,Oysters Rockefeller,Oysters,"Molluscs, average",2043,2012,
26315120,"Oysters, baked or broiled, fat added",Oysters,"Molluscs, average",2043,2012,
26315121,"Oysters, baked or broiled, no added fat",Oysters,"Molluscs, average",2043,2012,
26315140,"Oysters, coated, fried",Oysters,"Molluscs, average",2043,2012,
26315110,"Oysters, cooked, NS as to cooking method",Oysters,"Molluscs, average",2043,2012,
26315100,"Oysters, raw",Oysters,"Molluscs, average",2043,2012,
26315130,"Oysters, steamed",Oysters,"Molluscs, average",2043,2012,
27150200,Oyster sauce,Oysters,"Molluscs, canned",2263,2220,Producers most likely use canned oysters to make oyster sauce
28520100,Oyster sauce,Oysters,"Molluscs, canned",2263,2220,Producers most likely use canned oysters to make oyster sauce
28355310,Oyster stew,Oysters,"Molluscs, canned",2263,2220,Producers most likely use canned oysters to make oyster sauce
28520100,Oyster-flavored sauce,Oysters,"Molluscs, canned",2263,2220,Producers most likely use canned oysters to make oyster sauce
26315190,"Oysters, smoked",Oysters,"Molluscs, cured",1110,1072,
26127121,"Perch, baked or broiled, made with butter",Perch,"Freshwater, average (excluding tilapia)",751,737,
26127120,"Perch, baked or broiled, made with oil",Perch,"Freshwater, average (excluding tilapia)",751,737,
26127130,"Perch, coated, baked or broiled, made with oil",Perch,"Freshwater, average (excluding tilapia)",751,737,
26127140,"Perch, coated, fried, made with oil",Perch,"Freshwater, average (excluding tilapia)",751,737,
26127143,"Perch, coated, fried, no added fat",Perch,"Freshwater, average (excluding tilapia)",751,737,
26127110,"Perch, cooked, NS as to cooking method",Perch,"Freshwater, average (excluding tilapia)",751,737,
26127160,"Perch, steamed or poached",Perch,"Freshwater, average (excluding tilapia)",751,737,
26131120,"Pompano, baked or broiled, fat added",Pompano,"Pelagic, average (excluding tuna)",996,996,"The classification technically depends on the location of the seafood, however we decided to stay consistent with FAO and use their mapping when available"
26131120,"Pompano, baked or broiled, fat added in cooking",Pompano,"Pelagic, average (excluding tuna)",996,996,"The classification technically depends on the location of the seafood, however we decided to stay consistent with FAO and use their mapping when available"
26131121,"Pompano, baked or broiled, no added fat",Pompano,"Pelagic, average (excluding tuna)",996,996,"The classification technically depends on the location of the seafood, however we decided to stay consistent with FAO and use their mapping when available"
26131131,"Pompano, coated, baked or broiled, no added fat",Pompano,"Pelagic, average (excluding tuna)",996,996,"The classification technically depends on the location of the seafood, however we decided to stay consistent with FAO and use their mapping when available"
26131140,"Pompano, coated, fried",Pompano,"Pelagic, average (excluding tuna)",996,996,"The classification technically depends on the location of the seafood, however we decided to stay consistent with FAO and use their mapping when available"
26131160,"Pompano, steamed or poached",Pompano,"Pelagic, average (excluding tuna)",996,996,"The classification technically depends on the location of the seafood, however we decided to stay consistent with FAO and use their mapping when available"
26133120,"Porgy, baked or broiled, fat added",Porgy,"Demersal, average",1306,1306,
26133120,"Porgy, baked or broiled, fat added in cooking",Porgy,"Demersal, average",1306,1306,
26133121,"Porgy, baked or broiled, fat not added in cooking",Porgy,"Demersal, average",1306,1306,
26133121,"Porgy, baked or broiled, no added fat",Porgy,"Demersal, average",1306,1306,
26133130,"Porgy, coated, baked or broiled, fat added",Porgy,"Demersal, average",1306,1306,
26133130,"Porgy, coated, baked or broiled, fat added in cooking",Porgy,"Demersal, average",1306,1306,
26133140,"Porgy, coated, fried",Porgy,"Demersal, average",1306,1306,
26133110,"Porgy, cooked, NS as to cooking method",Porgy,"Demersal, average",1306,1306,
26133160,"Porgy, steamed or poached",Porgy,"Demersal, average",1306,1306,
26135120,"Ray, baked or broiled, fat added in cooking",Ray,"Demersal, average",1306,1306,
27450310,Lomi salmon,Salmon,"Freshwater, average (excluding tilapia)",751,737,"The classification technically depends on the location of the seafood, however we decided to stay consistent with FAO and use their mapping when available"
28355350,"Salmon soup, cream style",Salmon,"Freshwater, average (excluding tilapia)",751,737,"The classification technically depends on the location of the seafood, however we decided to stay consistent with FAO and use their mapping when available"
26137121,"Salmon, baked or broiled, made with butter",Salmon,"Freshwater, average (excluding tilapia)",751,737,"The classification technically depends on the location of the seafood, however we decided to stay consistent with FAO and use their mapping when available"
26137124,"Salmon, baked or broiled, made with cooking spray",Salmon,"Freshwater, average (excluding tilapia)",751,737,"The classification technically depends on the location of the seafood, however we decided to stay consistent with FAO and use their mapping when available"
26137122,"Salmon, baked or broiled, made with margarine",Salmon,"Freshwater, average (excluding tilapia)",751,737,"The classification technically depends on the location of the seafood, however we decided to stay consistent with FAO and use their mapping when available"
26137120,"Salmon, baked or broiled, made with oil",Salmon,"Freshwater, average (excluding tilapia)",751,737,"The classification technically depends on the location of the seafood, however we decided to stay consistent with FAO and use their mapping when available"
26137123,"Salmon, baked or broiled, made without fat",Salmon,"Freshwater, average (excluding tilapia)",751,737,"The classification technically depends on the location of the seafood, however we decided to stay consistent with FAO and use their mapping when available"
26137123,"Salmon, baked or broiled, no added fat",Salmon,"Freshwater, average (excluding tilapia)",751,737,"The classification technically depends on the location of the seafood, however we decided to stay consistent with FAO and use their mapping when available"
26137131,"Salmon, coated, baked or broiled, made with butter",Salmon,"Freshwater, average (excluding tilapia)",751,737,"The classification technically depends on the location of the seafood, however we decided to stay consistent with FAO and use their mapping when available"
26137134,"Salmon, coated, baked or broiled, made with cooking spray",Salmon,"Freshwater, average (excluding tilapia)",751,737,"The classification technically depends on the location of the seafood, however we decided to stay consistent with FAO and use their mapping when available"
26137130,"Salmon, coated, baked or broiled, made with oil",Salmon,"Freshwater, average (excluding tilapia)",751,737,"The classification technically depends on the location of the seafood, however we decided to stay consistent with FAO and use their mapping when available"
26137133,"Salmon, coated, baked or broiled, made without fat",Salmon,"Freshwater, average (excluding tilapia)",751,737,"The classification technically depends on the location of the seafood, however we decided to stay consistent with FAO and use their mapping when available"
26137133,"Salmon, coated, baked or broiled, no added fat",Salmon,"Freshwater, average (excluding tilapia)",751,737,"The classification technically depends on the location of the seafood, however we decided to stay consistent with FAO and use their mapping when available"
26137141,"Salmon, coated, fried, made with butter",Salmon,"Freshwater, average (excluding tilapia)",751,737,"The classification technically depends on the location of the seafood, however we decided to stay consistent with FAO and use their mapping when available"
26137142,"Salmon, coated, fried, made with margarine",Salmon,"Freshwater, average (excluding tilapia)",751,737,"The classification technically depends on the location of the seafood, however we decided to stay consistent with FAO and use their mapping when available"
26137140,"Salmon, coated, fried, made with oil",Salmon,"Freshwater, average (excluding tilapia)",751,737,"The classification technically depends on the location of the seafood, however we decided to stay consistent with FAO and use their mapping when available"
26137143,"Salmon, coated, fried, made without fat",Salmon,"Freshwater, average (excluding tilapia)",751,737,"The classification technically depends on the location of the seafood, however we decided to stay consistent with FAO and use their mapping when available"
26137110,"Salmon, cooked, NS as to cooking method",Salmon,"Freshwater, average (excluding tilapia)",751,737,"The classification technically depends on the location of the seafood, however we decided to stay consistent with FAO and use their mapping when available"
26137100,"Salmon, raw",Salmon,"Freshwater, average (excluding tilapia)",751,737,"The classification technically depends on the location of the seafood, however we decided to stay consistent with FAO and use their mapping when available"
26137160,"Salmon, steamed or poached",Salmon,"Freshwater, average (excluding tilapia)",751,737,"The classification technically depends on the location of the seafood, however we decided to stay consistent with FAO and use their mapping when available"
27250070,Salmon cake or patty,Salmon,"Freshwater, canned (excluding tilapia)",578,567,"The classification technically depends on the location of the seafood, however we decided to stay consistent with FAO and use their mapping when available"
27550120,Salmon cake sandwich,Salmon,"Freshwater, canned (excluding tilapia)",578,567,"The classification technically depends on the location of the seafood, however we decided to stay consistent with FAO and use their mapping when available"
27250080,Salmon loaf,Salmon,"Freshwater, canned (excluding tilapia)",578,567,"The classification technically depends on the location of the seafood, however we decided to stay consistent with FAO and use their mapping when available"
26137180,"Salmon, canned",Salmon,"Freshwater, canned (excluding tilapia)",578,567,"The classification technically depends on the location of the seafood, however we decided to stay consistent with FAO and use their mapping when available"
26137190,"Salmon, smoked",Salmon,"Freshwater, cured (excluding tilapia)",1080,1072,"The classification technically depends on the location of the seafood, however we decided to stay consistent with FAO and use their mapping when available"
26139110,"Sardines, cooked",Sardines,"Pelagic, average (excluding tuna)",996,996,
27550510,Sardine sandwich,Sardines,"Pelagic, canned (excluding tuna)",1567,1567,
26139180,"Sardines, canned in oil",Sardines,"Pelagic, canned (excluding tuna)",1567,1567,
26139190,"Sardines, skinless, boneless, packed in water",Sardines,"Pelagic, canned (excluding tuna)",1567,1567,
26317120,"Scallops, baked or broiled, fat added",Scallops,"Molluscs, average",2043,2012,
26317120,"Scallops, baked or broiled, fat added in cooking",Scallops,"Molluscs, average",2043,2012,
26317121,"Scallops, baked or broiled, fat not added in cooking",Scallops,"Molluscs, average",2043,2012,
26317140,"Scallops, coated, fried",Scallops,"Molluscs, average",2043,2012,
26317110,"Scallops, cooked, NS as to cooking method",Scallops,"Molluscs, average",2043,2012,
27151030,Ceviche,Sea bass,"Demersal, average",1306,1306,"We selected sea bass to represent ceviche, even though it can be made with many other types of seafood"
26141120,"Sea bass, baked or broiled, fat added",Sea bass,"Demersal, average",1306,1306,
26141120,"Sea bass, baked or broiled, fat added in cooking",Sea bass,"Demersal, average",1306,1306,
26141130,"Sea bass, coated, baked or broiled, fat added",Sea bass,"Demersal, average",1306,1306,
26141140,"Sea bass, coated, fried",Sea bass,"Demersal, average",1306,1306,
26141110,"Sea bass, cooked, NS as to cooking method",Sea bass,"Demersal, average",1306,1306,
26141160,"Sea bass, steamed or poached",Sea bass,"Demersal, average",1306,1306,
26143120,"Shark, baked or broiled, fat added",Shark,"Demersal, average",1306,1306,
27250130,Shrimp and noodles with cheese sauce,Shrimp,"Crustaceans, average (shrimps)",4136,3132,
27250126,Shrimp and noodles with cream or white sauce,Shrimp,"Crustaceans, average (shrimps)",4136,3132,
27250128,Shrimp and noodles with soy-based sauce,Shrimp,"Crustaceans, average (shrimps)",4136,3132,
27250132,Shrimp and noodles with tomato sauce,Shrimp,"Crustaceans, average (shrimps)",4136,3132,
27250120,"Shrimp and noodles, no sauce",Shrimp,"Crustaceans, average (shrimps)",4136,3132,
27450405,"Shrimp and vegetables excluding carrots, broccoli, and dark-green leafy; no potatoes, no sauce",Shrimp,"Crustaceans, average (shrimps)",4136,3132,
27450420,"Shrimp and vegetables excluding carrots, broccoli, and dark-green leafy; no potatoes, soy-based sauce",Shrimp,"Crustaceans, average (shrimps)",4136,3132,
28154010,"Shrimp and vegetables in sauce with noodles, diet frozen meal",Shrimp,"Crustaceans, average (shrimps)",4136,3132,
27450400,"Shrimp and vegetables including carrots, broccoli, and/or dark-green leafy; no potatoes, no sauce",Shrimp,"Crustaceans, average (shrimps)",4136,3132,
27450410,"Shrimp and vegetables including carrots, broccoli, and/or dark-green leafy; no potatoes, soy-based sauce",Shrimp,"Crustaceans, average (shrimps)",4136,3132,
27250400,Shrimp cake or patty,Shrimp,"Crustaceans, average (shrimps)",4136,3132,
27350050,Shrimp chow mein or chop suey with noodles,Shrimp,"Crustaceans, average (shrimps)",4136,3132,
27450040,"Shrimp chow mein or chop suey, no noodles",Shrimp,"Crustaceans, average (shrimps)",4136,3132,
27150110,Shrimp cocktail,Shrimp,"Crustaceans, average (shrimps)",4136,3132,
27450450,"Shrimp creole, no rice",Shrimp,"Crustaceans, average (shrimps)",4136,3132,
27350060,"Shrimp creole, with rice",Shrimp,"Crustaceans, average (shrimps)",4136,3132,
27150100,Shrimp curry,Shrimp,"Crustaceans, average (shrimps)",4136,3132,
28355440,Shrimp gumbo,Shrimp,"Crustaceans, average (shrimps)",4136,3132,
27450070,Shrimp salad,Shrimp,"Crustaceans, average (shrimps)",4136,3132,
27150230,Shrimp scampi,Shrimp,"Crustaceans, average (shrimps)",4136,3132,
28355410,"Shrimp soup, cream of, NS as to prepared with milk or water",Shrimp,"Crustaceans, average (shrimps)",4136,3132,
28355420,"Shrimp soup, cream of, prepared with milk",Shrimp,"Crustaceans, average (shrimps)",4136,3132,
28355430,"Shrimp soup, cream of, prepared with water",Shrimp,"Crustaceans, average (shrimps)",4136,3132,
27150410,Shrimp teriyaki,Shrimp,"Crustaceans, average (shrimps)",4136,3132,
26319121,"Shrimp, baked or broiled, made with butter",Shrimp,"Crustaceans, average (shrimps)",4136,3132,
26319124,"Shrimp, baked or broiled, made with cooking spray",Shrimp,"Crustaceans, average (shrimps)",4136,3132,
26319122,"Shrimp, baked or broiled, made with margarine",Shrimp,"Crustaceans, average (shrimps)",4136,3132,
26319120,"Shrimp, baked or broiled, made with oil",Shrimp,"Crustaceans, average (shrimps)",4136,3132,
26319123,"Shrimp, baked or broiled, made without fat",Shrimp,"Crustaceans, average (shrimps)",4136,3132,
26319123,"Shrimp, baked or broiled, no added fat",Shrimp,"Crustaceans, average (shrimps)",4136,3132,
26319161,"Shrimp, coated, baked or broiled, made with butter",Shrimp,"Crustaceans, average (shrimps)",4136,3132,
26319160,"Shrimp, coated, baked or broiled, made with oil",Shrimp,"Crustaceans, average (shrimps)",4136,3132,
26319163,"Shrimp, coated, baked or broiled, made without fat",Shrimp,"Crustaceans, average (shrimps)",4136,3132,
26319163,"Shrimp, coated, baked or broiled, no added fat",Shrimp,"Crustaceans, average (shrimps)",4136,3132,
26319145,"Shrimp, coated, fried, from fast food / restaurant",Shrimp,"Crustaceans, average (shrimps)",4136,3132,
26319140,"Shrimp, coated, fried, made with oil",Shrimp,"Crustaceans, average (shrimps)",4136,3132,
26319143,"Shrimp, coated, fried, made without fat",Shrimp,"Crustaceans, average (shrimps)",4136,3132,
26319143,"Shrimp, coated, fried, no added fat",Shrimp,"Crustaceans, average (shrimps)",4136,3132,
26319110,"Shrimp, cooked, NS as to cooking method",Shrimp,"Crustaceans, average (shrimps)",4136,3132,
26319130,"Shrimp, steamed or boiled",Shrimp,"Crustaceans, average (shrimps)",4136,3132,
27150170,Sweet and sour shrimp,Shrimp,"Crustaceans, average (shrimps)",4136,3132,
26319170,"Shrimp, dried",Shrimp,"Crustaceans, cured (shrimps)",4967,4419,
26321110,"Snails, cooked, NS as to cooking method",Snails,"Molluscs, average",2043,2012,
26213120,"Squid, baked or broiled, fat added",Squid,"Cephalopods, average",5846,5846,
26213120,"Squid, baked or broiled, fat added in cooking",Squid,"Cephalopods, average",5846,5846,
26213140,"Squid, coated, fried",Squid,"Cephalopods, average",5846,5846,
26213100,"Squid, raw",Squid,"Cephalopods, average",5846,5846,
26213160,"Squid, steamed or boiled",Squid,"Cephalopods, average",5846,5846,
26213190,"Squid, canned",Squid,"Cephalopods, canned",3334,3334,
26213170,"Squid, dried",Squid,"Cephalopods, cured",9605,9605,
26211100,"Roe, sturgeon",Sturgeon,"Pelagic, canned (excluding tuna)",1567,1567,"Only certain species of sturgeon are harvested for their roe: Caspian Sea and Black Sea, therefore we selected pelagic"
26149120,"Swordfish, baked or broiled, fat added in cooking",Swordfish,"Pelagic, average (excluding tuna)",996,996,We looked into this as a team and decided pelagic
26149160,"Swordfish, steamed or poached",Swordfish,"Pelagic, average (excluding tuna)",996,996,We looked into this as a team and decided pelagic
26158011,"Tilapia, baked or broiled, made with butter",Tilapia,"Freshwater, average (tilapia)",229,225,
26158014,"Tilapia, baked or broiled, made with cooking spray",Tilapia,"Freshwater, average (tilapia)",229,225,
26158012,"Tilapia, baked or broiled, made with margarine",Tilapia,"Freshwater, average (tilapia)",229,225,
26158010,"Tilapia, baked or broiled, made with oil",Tilapia,"Freshwater, average (tilapia)",229,225,
26158013,"Tilapia, baked or broiled, made without fat",Tilapia,"Freshwater, average (tilapia)",229,225,
26158013,"Tilapia, baked or broiled, no added fat",Tilapia,"Freshwater, average (tilapia)",229,225,
26158020,"Tilapia, coated, baked or broiled, made  with oil",Tilapia,"Freshwater, average (tilapia)",229,225,
26158021,"Tilapia, coated, baked or broiled, made with butter",Tilapia,"Freshwater, average (tilapia)",229,225,
26158024,"Tilapia, coated, baked or broiled, made with cooking spray",Tilapia,"Freshwater, average (tilapia)",229,225,
26158020,"Tilapia, coated, baked or broiled, made with oil",Tilapia,"Freshwater, average (tilapia)",229,225,
26158023,"Tilapia, coated, baked or broiled, made without fat",Tilapia,"Freshwater, average (tilapia)",229,225,
26158023,"Tilapia, coated, baked or broiled, no added fat",Tilapia,"Freshwater, average (tilapia)",229,225,
26158031,"Tilapia, coated, fried, made with butter",Tilapia,"Freshwater, average (tilapia)",229,225,
26158034,"Tilapia, coated, fried, made with cooking spray",Tilapia,"Freshwater, average (tilapia)",229,225,
26158032,"Tilapia, coated, fried, made with margarine",Tilapia,"Freshwater, average (tilapia)",229,225,
26158030,"Tilapia, coated, fried, made with oil",Tilapia,"Freshwater, average (tilapia)",229,225,
26158033,"Tilapia, coated, fried, made without fat",Tilapia,"Freshwater, average (tilapia)",229,225,
26158000,"Tilapia, cooked, NS as to cooking method",Tilapia,"Freshwater, average (tilapia)",229,225,
26158050,"Tilapia, steamed or poached",Tilapia,"Freshwater, average (tilapia)",229,225,
26151121,"Trout, baked or broiled, made with butter",Trout,"Freshwater, average (excluding tilapia)",751,737,
26151120,"Trout, baked or broiled, made with oil",Trout,"Freshwater, average (excluding tilapia)",751,737,
26151130,"Trout, coated, baked or broiled, made with oil",Trout,"Freshwater, average (excluding tilapia)",751,737,
26151133,"Trout, coated, baked or broiled, no added fat",Trout,"Freshwater, average (excluding tilapia)",751,737,
26151142,"Trout, coated, fried, made with margarine",Trout,"Freshwater, average (excluding tilapia)",751,737,
26151140,"Trout, coated, fried, made with oil",Trout,"Freshwater, average (excluding tilapia)",751,737,
26151110,"Trout, cooked, NS as to cooking method",Trout,"Freshwater, average (excluding tilapia)",751,737,
26151160,"Trout, steamed or poached",Trout,"Freshwater, average (excluding tilapia)",751,737,
26151190,"Trout, smoked",Trout,"Freshwater, cured (excluding tilapia)",1080,1072,
26153120,"Tuna, fresh, baked or broiled, fat added",Tuna,"Pelagic, average (tuna)",1406,1406,
26153120,"Tuna, fresh, baked or broiled, fat added in cooking",Tuna,"Pelagic, average (tuna)",1406,1406,
26153122,"Tuna, fresh, baked or broiled, fat not added in cooking",Tuna,"Pelagic, average (tuna)",1406,1406,
26153122,"Tuna, fresh, baked or broiled, no added fat",Tuna,"Pelagic, average (tuna)",1406,1406,
26153131,"Tuna, fresh, coated, baked or broiled, no added fat",Tuna,"Pelagic, average (tuna)",1406,1406,
26153110,"Tuna, fresh, cooked, NS as to cooking method",Tuna,"Pelagic, average (tuna)",1406,1406,
26153100,"Tuna, fresh, raw",Tuna,"Pelagic, average (tuna)",1406,1406,
26153160,"Tuna, fresh, steamed or poached",Tuna,"Pelagic, average (tuna)",1406,1406,
27250160,Tuna cake or patty,Tuna,"Pelagic, canned (tuna)",1214,1214,
27250610,Tuna noodle casserole with cream or white sauce,Tuna,"Pelagic, canned (tuna)",1214,1214,
27250630,Tuna noodle casserole with mushroom sauce,Tuna,"Pelagic, canned (tuna)",1214,1214,
27350080,"Tuna noodle casserole with vegetables, cream or white sauce",Tuna,"Pelagic, canned (tuna)",1214,1214,
27550720,"Tuna salad sandwich, on bread",Tuna,"Pelagic, canned (tuna)",1214,1214,
27550730,"Tuna salad sandwich, on bread, with cheese",Tuna,"Pelagic, canned (tuna)",1214,1214,
27550740,"Tuna salad sandwich, on bun",Tuna,"Pelagic, canned (tuna)",1214,1214,
27550745,"Tuna salad sandwich, on bun, with cheese",Tuna,"Pelagic, canned (tuna)",1214,1214,
27550751,"Tuna salad submarine sandwich, with cheese, lettuce and tomato",Tuna,"Pelagic, canned (tuna)",1214,1214,
27550750,"Tuna salad submarine sandwich, with lettuce and tomato",Tuna,"Pelagic, canned (tuna)",1214,1214,
27450090,Tuna salad with cheese,Tuna,"Pelagic, canned (tuna)",1214,1214,
27450100,Tuna salad with egg,Tuna,"Pelagic, canned (tuna)",1214,1214,
27550755,Tuna salad wrap sandwich,Tuna,"Pelagic, canned (tuna)",1214,1214,
27450066,"Tuna salad, made with Italian dressing",Tuna,"Pelagic, canned (tuna)",1214,1214,
27450068,"Tuna salad, made with any type of fat free dressing",Tuna,"Pelagic, canned (tuna)",1214,1214,
27450064,"Tuna salad, made with creamy dressing",Tuna,"Pelagic, canned (tuna)",1214,1214,
27450061,"Tuna salad, made with light mayonnaise",Tuna,"Pelagic, canned (tuna)",1214,1214,
27450063,"Tuna salad, made with light mayonnaise-type salad dressing",Tuna,"Pelagic, canned (tuna)",1214,1214,
27450060,"Tuna salad, made with mayonnaise",Tuna,"Pelagic, canned (tuna)",1214,1214,
27450062,"Tuna salad, made with mayonnaise-type salad dressing",Tuna,"Pelagic, canned (tuna)",1214,1214,
26155110,"Tuna, canned, NS as to oil or water pack",Tuna,"Pelagic, canned (tuna)",1214,1214,
26155180,"Tuna, canned, oil pack",Tuna,"Pelagic, canned (tuna)",1214,1214,
26155190,"Tuna, canned, water pack",Tuna,"Pelagic, canned (tuna)",1214,1214,
26153170,"Tuna, fresh, dried",Tuna,"Pelagic, cured (tuna)",331,331,
26215120,"Turtle, cooked, NS as to cooking method",Turtle,Aquatic animals,440,440,
27250810,Fish and rice with tomato-based sauce,Unspecified,Unspecified fish,1674.14,1414.46,
28351110,"Fish and vegetable soup, no potatoes, Mexican style",Unspecified,Unspecified fish,1674.14,1414.46,
27450750,"Fish and vegetables excluding  carrots, broccoli, and dark-green leafy; no potatoes, soy-based sauce",Unspecified,Unspecified fish,1674.14,1414.46,
27450710,"Fish and vegetables excluding carrots, broccoli, and dark- green leafy; no potatoes, tomato-based sauce",Unspecified,Unspecified fish,1674.14,1414.46,
27450740,"Fish and vegetables including carrots, broccoli, and/or dark-green leafy; no potatoes, soy-based sauce",Unspecified,Unspecified fish,1674.14,1414.46,
27450700,"Fish and vegetables including carrots, broccoli, and/or dark-green leafy; no potatoes, tomato-based sauce",Unspecified,Unspecified fish,1674.14,1414.46,
27250050,"Fish cake or patty, NS as to fish",Unspecified,Unspecified fish,1674.14,1414.46,
28350050,Fish chowder,Unspecified,Unspecified fish,1674.14,1414.46,
27150320,Fish curry,Unspecified,Unspecified fish,1674.14,1414.46,
27150325,Fish curry with rice,Unspecified,Unspecified fish,1674.14,1414.46,
28150510,"Fish in lemon-butter sauce with starch item, vegetable, frozen meal",Unspecified,Unspecified fish,1674.14,1414.46,
27150250,Fish moochim,Unspecified,Unspecified fish,1674.14,1414.46,
27550300,"Fish sandwich, NFS",Unspecified,Unspecified fish,1674.14,1414.46,
27550000,"Fish sandwich, fried, from fast food",Unspecified,Unspecified fish,1674.14,1414.46,
27550100,"Fish sandwich, fried, from fast food, with cheese",Unspecified,Unspecified fish,1674.14,1414.46,
27550410,"Fish sandwich, fried, on wheat bun",Unspecified,Unspecified fish,1674.14,1414.46,
27550400,"Fish sandwich, fried, on white bun",Unspecified,Unspecified fish,1674.14,1414.46,
27550405,"Fish sandwich, fried, on white bun, with cheese",Unspecified,Unspecified fish,1674.14,1414.46,
27550200,"Fish sandwich, from school cafeteria",Unspecified,Unspecified fish,1674.14,1414.46,
27550420,"Fish sandwich, grilled",Unspecified,Unspecified fish,1674.14,1414.46,
27550100,"Fish sandwich, on bun, with cheese and spread",Unspecified,Unspecified fish,1674.14,1414.46,
27550000,"Fish sandwich, on bun, with spread",Unspecified,Unspecified fish,1674.14,1414.46,
26100260,"Fish stick, patty or nugget from fast food",Unspecified,Unspecified fish,1674.14,1414.46,
26100270,"Fish stick, patty or nugget from restaurant, home, or other place",Unspecified,Unspecified fish,1674.14,1414.46,
28350040,"Fish stock, home recipe",Unspecified,Unspecified fish,1674.14,1414.46,
27150310,Fish with tomato-based sauce,Unspecified,Unspecified fish,1674.14,1414.46,
27550425,Fish wrap sandwich,Unspecified,Unspecified fish,1674.14,1414.46,
26100122,"Fish, NS as to type, baked or broiled, made with margarine",Unspecified,Unspecified fish,1674.14,1414.46,
26100120,"Fish, NS as to type, baked or broiled, made with oil",Unspecified,Unspecified fish,1674.14,1414.46,
26100123,"Fish, NS as to type, baked or broiled, made without fat",Unspecified,Unspecified fish,1674.14,1414.46,
26100123,"Fish, NS as to type, baked or broiled, no added fat",Unspecified,Unspecified fish,1674.14,1414.46,
26100180,"Fish, NS as to type, canned",Unspecified,Unspecified fish,1674.14,1414.46,
26100130,"Fish, NS as to type, coated, baked or broiled, made with oil",Unspecified,Unspecified fish,1674.14,1414.46,
26100133,"Fish, NS as to type, coated, baked or broiled, made without fat",Unspecified,Unspecified fish,1674.14,1414.46,
26100133,"Fish, NS as to type, coated, baked or broiled, no added fat",Unspecified,Unspecified fish,1674.14,1414.46,
26100142,"Fish, NS as to type, coated, fried, made with margarine",Unspecified,Unspecified fish,1674.14,1414.46,
26100140,"Fish, NS as to type, coated, fried, made with oil",Unspecified,Unspecified fish,1674.14,1414.46,
26100110,"Fish, NS as to type, cooked, NS as to cooking method",Unspecified,Unspecified fish,1674.14,1414.46,
26100170,"Fish, NS as to type, dried",Unspecified,Unspecified fish,1674.14,1414.46,
26100200,"Fish, NS as to type, from fast food",Unspecified,Unspecified fish,1674.14,1414.46,
26100100,"Fish, NS as to type, raw",Unspecified,Unspecified fish,1674.14,1414.46,
26100190,"Fish, NS as to type, smoked",Unspecified,Unspecified fish,1674.14,1414.46,
26100160,"Fish, NS as to type, steamed",Unspecified,Unspecified fish,1674.14,1414.46,
27550150,Fried seafood sandwich,Unspecified,Unspecified fish,1674.14,1414.46,
27250520,Seafood restructured,Unspecified,Unspecified fish,1674.14,1414.46,
27450080,Seafood salad,Unspecified,Unspecified fish,1674.14,1414.46,
27550800,Seafood salad sandwich,Unspecified,Unspecified fish,1674.14,1414.46,
27150140,Seafood sauce,Unspecified,Unspecified fish,1674.14,1414.46,
28355450,"Seafood soup with potatoes and vegetables including carrots, broccoli, and/or dark-green leafy",Unspecified,Unspecified fish,1674.14,1414.46,
28355460,"Seafood soup with potatoes, and vegetables excluding carrots, broccoli, and dark-green leafy",Unspecified,Unspecified fish,1674.14,1414.46,
28355480,"Seafood soup with vegetables excluding carrots, broccoli, and dark-green leafy; no potatoes",Unspecified,Unspecified fish,1674.14,1414.46,
28355470,"Seafood soup with vegetables including carrots, broccoli, and/or dark-green leafy; no potatoes",Unspecified,Unspecified fish,1674.14,1414.46,
27150151,Spaghetti sauce with seafood,Unspecified,Unspecified fish,1674.14,1414.46,
27150155,Spaghetti sauce with seafood and added vegetables,Unspecified,Unspecified fish,1674.14,1414.46,
26157120,"Whiting, baked or broiled, made with oil",Whiting,"Demersal, average",1306,1306,"The classification technically depends on the location of the seafood, however we decided to stay consistent with FAO and use their mapping when available"
26157123,"Whiting, baked or broiled, made without fat",Whiting,"Demersal, average",1306,1306,"The classification technically depends on the location of the seafood, however we decided to stay consistent with FAO and use their mapping when available"
26157123,"Whiting, baked or broiled, no added fat",Whiting,"Demersal, average",1306,1306,"The classification technically depends on the location of the seafood, however we decided to stay consistent with FAO and use their mapping when available"
26157132,"Whiting, coated, baked or broiled, made with margarine",Whiting,"Demersal, average",1306,1306,"The classification technically depends on the location of the seafood, however we decided to stay consistent with FAO and use their mapping when available"
26157133,"Whiting, coated, baked or broiled, made without fat",Whiting,"Demersal, average",1306,1306,"The classification technically depends on the location of the seafood, however we decided to stay consistent with FAO and use their mapping when available"
26157140,"Whiting, coated, fried, made with oil",Whiting,"Demersal, average",1306,1306,"The classification technically depends on the location of the seafood, however we decided to stay consistent with FAO and use their mapping when available"
26157110,"Whiting, cooked, NS as to cooking method",Whiting,"Demersal, average",1306,1306,"The classification technically depends on the location of the seafood, however we decided to stay consistent with FAO and use their mapping when available"
26157160,"Whiting, steamed or poached",Whiting,"Demersal, average",1306,1306,"The classification technically depends on the location of the seafood, however we decided to stay consistent with FAO and use their mapping when available"
